text,label
환자가 심각한 호흡곤란으로 숨을 쉬기 어려워하며 피부가 푸르스름하게 변색된 상태,1
환자가 얼굴이 창백하고 식은땀을 흘리며 맥박이 거의 잡히지 않는 쇼크 상태,1
"환자가 바닥에 쓰러져 의식을 잃었고, 주변의 소리에 반응하지 않으며, 몸이 움직이지 않는 상태",1
환자가 심한 호흡곤란으로 숨을 쉬지 못해 곤란해하는 상태,1
환자가 심각한 쇼크로 인해 혈압이 떨어지고 의식을 잃을 위험에 있는 상태,1
"환자가 의식을 잃고 반응이 없으며, 몸이 축 늘어져 있는 상태",1
환자가 심각한 호흡곤란으로 인해 가슴을 크게 오르내리며 숨을 쉬기 힘든 상태,1
환자가 쇼크 상태로 혈압이 급격히 떨어지며 의식을 잃을 위험에 있는 상태,1
"환자가 의식을 잃고 반응이 없으며, 주변 자극에 전혀 반응하지 않는 상태",1
환자가 경련을 일으키며 몸이 떨리고 혼란스러운 상태,1
환자가 자신이나 타인에게 해를 끼칠 구체적인 계획이나 충동을 억제하지 못하는 상태,1
건강한 상태에서 조절되지 않는 위험한 행동을 보이는 환자,1
싸움이나 안전하지 않은 상황에 놓여 있는 환자,1
중증 호흡곤란을 겪고 있는 환자,1
쇼크 상태에 있는 환자,1
무의식 상태(GCS 3-8)에 있는 환자,1
"중증 호흡곤란을 겪고 있는 환자이며, 생명이 위급한 상황입니다.",1
쇼크 상태로 생명이 위급한 환자입니다.,1
"무의식(GCS 3-8) 상태인 환자로, 심각한 의식 저하가 있습니다.",1
"중증 호흡곤란을 겪고 있는 환자로, 생명이 위급한 상황입니다.",1
"환자가 도주할 가능성이 높고, 자신이나 타인의 안전을 위협할 수 있는 위험한 상태",2
"환자가 패혈증의 증상으로 고열, 빠른 호흡, 혼란을 보이는 상태",2
최근 발작을 경험한 환자가 발작 후 초조하고 불안해하는 상태,2
환자가 도주할 가능성이 높아 자신이나 타인의 안전을 위협하는 상태,2
환자가 극심한 불안과 초조함을 느끼며 안절부절 못하는 상태,2
"환자가 심한 불안과 초조함을 느끼며, 주위를 경계하는 상태",2
도주할 가능성이 있는 환자가 자신이나 타인의 안전을 위협하는 상황,2
환자가 숨을 가쁘게 쉬며 중등도의 호흡곤란을 겪는 상태,2
환자가 의식이 흐려지고 주변 상황을 인지하지 못하는 상태,2
열이 나고 면역억제로 감염 위험이 높은 상태,2
패혈증이 의심되는 환자가 고열과 빠른 호흡을 보이는 상태,2
환자가 도주할 가능성이 높아 안전이 위협받는 상태,2
도주할 가능성이 높아 자신과 타인의 안전이 위협받는 상태,2
중등도의 호흡곤란을 호소하는 환자,2
혈역학적 장애로 인한 증상을 보이는 환자,2
의식이 흐릿해져 주변 상황을 제대로 인지하지 못하는 상태,2
열이 나고 면역력이 저하된 상태로 감염 위험이 있는 환자,2
"패혈증의 가능성이 있는 상태로, 고열과 혼란이 동반된 환자",2
도주할 가능성이 높고 안전이 위협받는 환자,2
도주할 가능성이 있으며 반복적인 학대 위험이 있는 상태,2
열이 나고 아파 보이는 환자는 3 SIRS 기준에 미치지 않는 경미한 증상을 보이고 있습니다.,3
급성 중심성 중등도 통증(4-7)을 느끼는 환자는 통증으로 인해 불편함을 호소하고 있습니다.,3
"경증 호흡곤란을 겪고 있는 환자는 숨이 약간 가쁘고, 불안해 보입니다.",3
급성 중심성 중등도 통증(4-7)을 느끼는 환자는 통증으로 인해 약간의 불편함을 호소하고 있습니다.,3
출혈성 질환으로 중등도나 경증의 출혈을 겪고 있는 환자는 증상이 경미하지만 관찰이 필요합니다.,3
이물질이 있는 가능성이 있는 환자는 기도에 장애가 생길 수 있는 상황입니다.,3
경증 호흡곤란을 겪고 있는 환자는 숨이 약간 가쁘고 불안해 보입니다.,3
급성 말초성 중증 통증(8-10)을 겪는 환자는 극심한 통증으로 인해 괴로워하고 있습니다.,3
예측 FEV1 혹은 PEER이 40-60%인 알지 못하는 중등도 천식 환자는 숨쉬기가 어려운 상황입니다.,3
비정상 맥박수와 맥박압을 보이지만 혈역학적으로 안정된 환자는 현재 상태를 유지하고 있습니다.,3
호흡곤란이 없는 연하장애 환자는 음식을 삼키는 데 어려움을 겪고 있지만 호흡은 안정적입니다.,3
급성 말초성 중증 통증(8-10)을 겪고 있는 환자는 극심한 통증으로 힘들어하고 있습니다.,3
만성 중심성 중증 통증(8-10)을 겪는 환자는 지속적인 고통으로 힘들어하고 있습니다.,3
급성발병으로 지속되는 증상을 보이는 환자는 추가적인 검사가 필요합니다.,3
고혈압(수축기혈압≥220 혹은 이완기혈압≥130) 동반된 다른 증상이 없는 환자는 안정적인 상태로 보입니다.,3
고혈압(수축기혈압 200-220 및 이완기혈압 110-130) 고혈압 증상이 동반된 환자는 지속적인 모니터링이 필요합니다.,3
갑자기 보행이 어려워진 환자는 균형을 잃고 불안정하게 움직이고 있습니다.,3
경증 탈수를 겪고 있는 환자는 약간의 갈증을 느끼며 수분 섭취가 필요할 수 있습니다.,3
경증 호흡곤란을 겪고 있는 환자는 숨이 약간 가쁘고 불안한 모습입니다.,3
열이 나고 아파 보이는 환자는 SIRS 기준에 미치지 않는 경미한 증상을 보이고 있습니다.,3
경미한 불안이나 초조함을 느끼지만 비교적 안정되어 있는 상태,4
열이 나지만 건강해 보이며 감염의 가벼운 징후만 있는 상태,4
경증의 불안과 초조함을 느끼지만 비교적 안정된 상태,4
갑작스러운 불면증으로 인해 잠을 이루지 못하는 상태,4
"열이 나지만 건강해 보이며, 경미한 감염 증상이 있는 상태",4
경미한 불안과 초조함을 느끼지만 비교적 안정된 상태,4
경미한 불안이나 초조함을 느끼지만 안정된 상태,4
건강해 보이지만 열이 나고 가벼운 감염의 징후가 있는 상태,4
경미한 불안과 초조함을 느끼지만 안정된 상태,4
환자가 우울한 상태이지만 자살 생각은 없는 안정된 상태,4
대처하기 어려운 상황에 놓여 있는 환자,4
해를 끼치지 않는 행동을 보이는 안정된 상태의 환자,4
학대의 병력이나 징후를 보이는 환자,4
"열(건강해보임) 상태로, 1 SIRS 기준을 만족하는 환자입니다.",4
"만성적인 상태로, 평상시와 변화가 없는 환자입니다.",4
"급성 중심성 경증 통증(<4)을 경험하는 환자이며, 통증이 경미합니다.",4
"만성 중심성 중등도 통증(4-7)을 겪고 있는 환자로, 지속적인 불편함이 있습니다.",4
"급성 중심성 경증 통증(<4)을 겪고 있는 환자로, 통증이 경미합니다.",4
"의식소실의 병력이 없는 환자로, 상태가 비교적 안정적입니다.",4
"열이 나고 건강해 보이는 상태로, 1 SIRS 기준을 만족하는 환자입니다.",4
경미한 말초성 통증(<4)을 느끼는 환자,5
만성 말초성 통증(<8)을 호소하는 환자,5
상지의 만성 경미한 통증을 호소하는 환자,5
급성 말초성 경증 통증(<4)을 느끼는 환자,5
하지의 만성 경미한 통증을 호소하는 환자,5
상지의 외상으로 만성 경증 통증을 호소하는 환자,5
하지의 외상으로 만성 경증 통증을 호소하는 환자,5
급성 말초성 경증 통증이 있어 환자가 약간의 불편함을 느끼는 상태,5
만성 말초성 통증이 있지만 심각하지 않으며 환자가 이를 견디고 있는 상태,5
동상이나 냉손상으로 인해 피부가 손상된 환자,5
경미한 물림으로 인해 불편함을 겪고 있는 환자,5
쏘임으로 인해 불편함을 겪고 있는 환자,5
경미한 찰과상으로 인해 환자가 약간의 불편함을 겪고 있는 상태,5
봉합이 필요 없는 상태로 환자가 경미한 상처를 가진 경우,5
화상이 있으며 경미한 통증을 느끼는 환자,5
급성 말초성 경증 통증(<4)로 인해 환자가 약간의 불편함을 느끼는 상태,5
피부에 이물질이 있어 환자가 불편함을 느끼는 상태,5
상처를 확인해야 하는 상태로 환자의 상태를 평가 중인 경우,5
"스테이플이나 봉합사를 제거해야 하는 상태로, 환자의 상태를 평가하는 중인 경우",5
"국소성 발진이 나타난 환자로, 추가적인 평가가 필요한 상태",5
환자가 심한 두통과 어지럼증으로 인해 쓰러질 위험이 있음,3
어지럼증과 두통으로 환자가 균형을 잡지 못하는 상태,3
두통과 어지럼증을 겪으며 환자가 쓰러질 위험에 처함,3
환자가 두통과 심각한 어지럼증으로 움직이지 못하는 상태,3
어지럼증과 두통으로 환자가 균형을 잃고 쓰러질 가능성 있음,3
환자가 심각한 어지럼증과 두통으로 위험에 처한 상태,3
두통과 어지럼증이 심하여 환자가 균형을 잡지 못함,3
심한 두통과 어지럼증으로 환자가 쓰러질 위험에 있음,3
환자가 어지럼증과 두통 증세로 인해 움직이기 힘든 상태,3
심각한 두통과 어지럼증으로 인해 환자가 쓰러질 가능성이 높음,3
환자가 심한 두통과 어지럼증으로 고통을 호소함,3
어지럼증으로 환자가 균형을 잃고 쓰러질 위험에 놓임,3
환자가 두통과 어지럼증으로 인해 균형을 잡지 못함,3
심각한 두통과 어지럼증으로 인해 환자가 위험에 처함,3
환자가 두통과 어지럼증을 호소하며 쓰러질 가능성이 있음,3
어지럼증과 두통으로 인해 환자가 균형을 잃은 상태,3
환자가 어지럼증으로 인해 균형을 잃고 쓰러질 위험에 있음,3
심한 두통 증세로 환자가 움직이기 어려운 상태,3
두통과 어지럼증이 심각하여 환자가 쓰러질 가능성이 있음,3
환자가 심각한 두통과 어지럼증으로 인해 움직이지 못하는 상태,3
환자가 고열로 인해 의식이 흐려지고 혼란스러운 상태에 있음,4
의식이 또렷하지 않고 고열로 인해 혼란스러운 환자의 상태,4
혼란스러운 상태로 고열로 인해 의식이 흐려진 환자,4
환자가 고열로 인해 의식이 불분명하고 혼란스러운 상태를 보임,4
의식이 흐려지고 고열로 혼란을 겪는 환자 상태,4
고열로 인해 의식이 흐려지고 혼란스러운 상태의 환자,4
혼란스러워하며 고열로 인해 의식이 불명확한 환자,4
환자가 고열로 인해 혼란스러워하며 의식이 흐려짐,4
혼란스러운 상태로 고열로 인해 의식이 불분명한 환자,4
환자가 고열로 인해 의식이 또렷하지 않고 혼란스러움,4
의식이 명확하지 않고 고열로 혼란을 겪는 환자의 상태,4
환자가 고열로 인해 의식이 흐려지고 혼란을 보이는 상태,4
고열로 인해 환자가 혼란스러운 상태에 빠져 있음,4
환자가 고열로 인해 의식이 명확하지 않은 상태를 보임,4
혼란스러운 상태와 함께 고열로 인해 환자의 의식이 흐려짐,4
고열로 인해 혼란스러운 상태에 빠진 환자,4
혼란스러워하며 의식이 불분명한 상태의 환자,4
의식이 흐리고 고열로 인해 혼란스러운 환자의 상태,4
환자가 고열로 인해 의식이 불분명하며 혼란스러워함,4
심각한 탈수 증세로 피부가 건조하고 눈이 움푹 들어간 상태,5
탈수로 인해 피부가 거칠고 눈이 함몰된 상태를 보임,5
피부가 건조하며 탈수로 인해 눈이 움푹 들어간 환자 상태,5
환자가 탈수로 인해 피부 건조와 눈 함몰 증상을 보임,5
탈수로 인해 피부가 건조하고 눈이 움푹 들어간 상태의 환자,5
환자가 심각한 탈수로 인해 눈이 움푹 들어가고 피부가 건조함,5
탈수 증세로 인해 피부가 건조하고 눈이 함몰된 환자의 상태,5
환자가 심각한 탈수로 피부가 건조하며 눈이 움푹 들어간 모습,5
탈수 증세로 인해 피부가 메마르고 눈이 움푹 들어간 상태,5
심한 탈수로 환자의 피부가 건조하며 눈이 함몰됨,5
환자가 심각한 탈수 증세로 눈이 움푹 들어가고 피부가 건조함,5
탈수로 인해 환자의 눈이 함몰되고 피부가 건조한 상태,5
피부 건조와 눈 함몰 증세를 보이며 탈수 상태에 있는 환자,5
환자가 심각한 탈수로 인해 피부와 눈 상태가 악화됨,5
탈수 증세로 인해 피부가 거칠고 눈이 움푹 들어간 상태,5
환자가 심한 탈수로 인해 피부가 건조하고 눈이 함몰된 모습,5
탈수로 인해 환자의 피부와 눈 상태가 악화된 상태,5
환자가 탈수로 인해 심각한 피부 건조와 눈 함몰 증세를 보임,5
심한 탈수 증세로 인해 피부와 눈 상태가 악화된 환자의 모습,5
심한 호흡곤란 상태로 숨을 쉬지 못하고 피부색이 변함,1
환자가 숨쉬기 어려워하며 피부가 푸르게 변색된 상태,1
푸르스름한 피부와 심각한 호흡곤란 증세를 보이는 환자,1
호흡곤란으로 환자의 숨쉬기가 어려운 상태,1
피부가 푸르스름하고 호흡곤란 증세를 겪는 환자,1
환자가 숨을 쉬기 어려워하며 피부가 변색된 상태,1
푸르스름한 피부와 호흡곤란 증세가 심각한 상태,1
호흡곤란으로 인해 숨쉬기 어려운 환자 상태,1
숨쉬기 어려워하며 푸른 피부색을 보이는 환자,1
환자가 심각한 호흡곤란으로 인해 고통스러워하는 모습,1
푸르스름한 피부색과 함께 호흡이 힘든 환자의 상태,1
환자가 숨을 제대로 쉬지 못해 피부가 푸르게 변색됨,1
심각한 호흡 문제로 환자가 푸르스름한 피부를 보임,1
호흡곤란 증세로 환자의 피부가 변색된 상태,1
환자가 숨을 힘들게 쉬며 피부가 푸른빛을 띰,1
푸른 피부와 숨쉬기 어려운 증상을 보이는 환자,1
환자가 호흡곤란으로 인해 피부색이 변한 상태,1
심각한 호흡곤란으로 환자가 숨쉬기 힘든 상황,1
호흡곤란과 푸른 피부색을 동반한 환자의 상태,1
숨을 쉬기 어려워하며 환자가 심각한 호흡곤란 피부가 푸르스름하게 변색된 상태,1
환자가 얼굴이 창백하고 식은땀을 흘리며 맥박이 거의 잡히지 않음,2
쇼크 상태에서 맥박이 약하고 얼굴이 창백한 환자,2
맥박이 약하며 식은땀을 흘리고 있는 환자 상태,2
환자가 창백한 얼굴과 약한 맥박으로 쇼크 상태에 있음,2
쇼크로 인해 얼굴이 창백하고 식은땀이 많은 환자,2
맥박이 거의 없는 상태에서 환자가 식은땀을 흘림,2
환자의 얼굴이 창백하고 맥박이 약한 쇼크 상태,2
쇼크 상태로 인해 환자가 창백한 얼굴과 식은땀을 보임,2
맥박이 약하고 식은땀이 흐르는 쇼크 상태의 환자,2
창백한 얼굴을 보이며 식은땀과 약한 맥박이 있는 환자,2
환자가 쇼크로 인해 맥박이 약하고 얼굴이 창백함,2
식은땀을 흘리며 쇼크 상태에서 맥박이 약한 환자,2
얼굴이 창백하고 식은땀이 많은 쇼크 상태의 환자,2
쇼크로 인해 환자가 얼굴이 창백하고 맥박이 약해짐,2
환자가 식은땀과 창백한 얼굴을 보이며 쇼크 상태에 있음,2
쇼크 상태의 환자가 맥박이 약하고 얼굴이 창백한 모습,2
환자가 식은땀과 약한 맥박으로 쇼크 상태에 빠짐,2
맥박이 약하고 창백한 얼굴을 보이는 환자의 상태,2
쇼크 상태로 인해 환자가 얼굴이 창백하고 식은땀을 흘림,2
환자가 맥박이 거의 잡히지 않고 창백한 얼굴로 쇼크 상태임,2
"안녕하세요, 지금 제 아버지가 어제부터 손목이 약간 부어있고 통증이 있습니다. 특별히 어디에 부딪힌 기억은 없는데, 많이 아파하시긴 해요. 응급실로 가야 할까요?",5
제 아이가 놀다가 무릎을 다쳤어요. 피가 조금 나긴 했지만 크게 다치진 않았어요. 그래도 응급실로 가야 할까요?,5
저희 할머니가 허리를 삐끗하신 것 같아요. 많이 아프시다고 하시는데 움직일 수는 있어요,5
제가 손가락에 가시가 박혔는데 빼기가 힘들어요. 피도 조금 나고요. 이걸로 응급실 가야 할까요?,5
제 남편이 갑자기 발목을 삔 것 같아요. 많이 붓긴 했는데 걷기는 가능한 상태입니다.,5
"제 친구가 자전거 타다가 넘어졌어요. 무릎이 좀 까졌고 피가 납니다만, 특별한 문제는 없어 보여요.",5
아이 손에 뜨거운 물이 조금 튀었어요. 약간의 물집이 생겼는데 아이가 많이 울어요.,5
어머니가 무릎이 계속 아프시다고 하셔서 걱정이 됩니다. 며칠째 통증이 있으신데 응급실에 가야 할까요?,5
"저희 아이가 놀이터에서 미끄러져서 손바닥을 다쳤어요. 피가 조금 나는데, 움직이긴 합니다.",5
"제 아내가 문에 손가락이 끼였어요. 손가락이 부어오르고 약간의 통증이 있지만, 움직이는 데 문제는 없습니다.",5
"안녕하세요, 저희 어머니가 갑자기 가슴 통증을 호소하시고 땀을 많이 흘리고 계십니다. 숨이 조금 가쁘신 것 같아요.",4
"저희 아이가 갑자기 복통을 호소해요. 배가 많이 아프다고 하고, 계속 웅크리고 있어요. 구토는 아직 없지만 매우 불편해 합니다.",4
어머니가 손목을 심하게 삐신 것 같아요. 붓기도 심하고 손을 전혀 움직이지 못하세요.,4
아내가 두통과 어지럼증이 심하다고 해요. 약을 드셨는데도 증상이 나아지지 않습니다. 지금 계속 누워 있어야 해요.,4
"저희 아버지가 어제부터 계속 토하고 계세요. 물도 드시기 힘들어하고, 탈수 증상이 있는 것 같습니다.",4
제 남편이 운동 중에 발목을 삐었는데 걷기가 매우 어렵다고 합니다. 발목이 많이 부어 있고 통증도 심해 보입니다.,4
"아이의 열이 너무 높아요. 지금 39도가 넘었고, 해열제를 먹였는데도 열이 떨어지지 않습니다.",4
"저희 할아버지가 갑자기 혼동 상태가 오신 것 같아요. 말씀도 이상하게 하시고, 길을 잃은 듯한 행동을 하십니다.",4
"제 친구가 자전거를 타다가 넘어졌는데, 손목 쪽이 아프다고 하고 붓기 시작했어요. 아픈 쪽에 체중을 싣지 못합니다.",4
"어머니가 어지럼증과 구토를 겪고 계세요. 전에는 없던 증상이고, 움직이기 어려워 하십니다.",4
저희 아버지가 갑자기 가슴이 답답하다고 하십니다. 숨쉬기 어렵다고 말씀하시고 식은땀을 많이 흘리고 있어요.,3
제 친구가 갑자기 입술이 푸르스름해지고 숨을 잘 못 쉬는 것 같아요. 천식이 있는 친구입니다.,3
우리 아이가 갑자기 고열이 나면서 경련을 일으켰습니다. 열이 40도에 가깝고 몸이 떨리고 있어요.,3
제 동생이 다리에 깊은 상처를 입었어요. 출혈이 멈추지 않고 피가 계속 납니다. 너무 아파하고 있어요.,3
어머니가 갑자기 팔과 다리에 힘이 없고 한쪽 얼굴이 처지는 것 같아요. 말씀도 이상하게 하십니다.,3
아이가 두통이 너무 심하고 구토를 계속합니다. 밝은 빛을 보지 못하고 눈도 잘 못 뜨겠다고 해요.,3
제 남편이 사고로 머리를 부딪혔어요. 의식은 있지만 계속 혼란스러워 하고 두통을 호소합니다.,3
우리 할아버지가 갑자기 소변을 못 보시고 복부가 많이 아프다고 하세요. 배가 부풀어 올랐습니다.,3
친구가 갑자기 숨을 헐떡이고 있어요. 아무 이유 없이 갑자기 시작되었고 얼굴도 창백해요.,3
어머니가 갑자기 심한 복통을 호소하시고 움직이질 못하세요. 배를 만지면 더 아파하십니다.,3
저희 아버지가 갑자기 가슴이 매우 아프다고 하고 숨을 쉴 수 없다고 하세요. 얼굴도 창백해지고 식은땀이 나고 있습니다.,2
어머니가 갑자기 호흡이 빨라지고 입술이 파래졌습니다. 가슴이 답답하고 통증이 있다고 하십니다.,2
"제 동생이 교통사고를 당했어요. 의식은 있지만 반응이 느리고, 복부 쪽에 통증을 호소하고 있어요. 출혈도 있습니다.",2
저희 할머니가 갑자기 한쪽 팔과 다리에 감각이 없습니다. 얼굴도 마비된 것처럼 움직이지 않으세요.,2
친구가 음식물을 먹다가 숨을 못 쉬고 있어요. 기침을 시도하고 있는데 호흡이 매우 힘들어 보입니다.,2
우리 아버지가 뜨거운 물에 데이셨어요. 피부가 빨갛고 큰 물집이 생기기 시작합니다.,2
저희 아이가 약을 잘못 먹었어요. 지금 갑자기 의식이 흐려지고 몸이 축 처집니다.,2
남편이 갑자기 쓰러졌어요. 의식은 있는데 전혀 반응이 없고 말도 잘 못하세요.,2
"어머니가 계단에서 넘어지셨습니다. 머리를 부딪히고 의식이 잠시 없으셨는데, 지금도 혼란스러워하고 있습니다.",2
"저희 친구가 알레르기 반응으로 온몸에 두드러기가 나고, 목이 부어오르고 있어요.",2
어떤 분이 길에서 갑자기 쓰러졌어요! 의식이 없고 숨을 쉬지 않는 것 같습니다!,1
제 아내가 물에 빠져 의식이 없습니다. 숨도 쉬지 않는 것 같아요!,1
"저희 아버지가 갑자기 심장이 멈춘 것 같아요. 숨도 안 쉬고, 맥박도 느껴지지 않습니다!",1
제 친구가 뭔가를 먹고 나서 갑자기 목이 막힌 것 같습니다. 숨을 전혀 쉬지 못하고 얼굴이 파래요!,1
"제 남편이 전기 감전 후 의식을 잃었습니다. 숨도 쉬지 않고, 반응이 전혀 없습니다!",1
사고 현장인데 한 사람이 큰 외상을 입고 의식이 없습니다. 숨을 쉬지 않는 것 같습니다.,1
아이가 갑자기 숨을 쉬지 않고 의식이 없습니다. 몸이 축 처져 있어요.,1
저희 어머니가 갑자기 숨이 멈추신 것 같습니다. 맥박도 느껴지지 않고 얼굴이 하얗게 변했습니다.,1
제 동생이 놀다가 갑자기 쓰러졌어요. 숨을 전혀 쉬지 않고 반응이 없습니다.,1
사람이 고속도로에서 사고가 났어요. 의식이 없고 숨을 쉬지 않는 것 같아요!,1
물질을 과다복용한 후 중증 호흡곤란 증세를 보입니다. 빠르게 도움을 요청합니다.,1
쇼크 상태에 빠졌습니다. 즉시 응급차가 필요합니다.,1
"이 사람은 의식이 없어서 깨어 있지 못한 상태입니다. 상태를 평가하는 점수로 볼 때, 의식이 매우 낮거나 전혀 없는 상황이에요.",1
물질 금단 증세로 인해 경련 중입니다. 응급처치가 필요합니다.,1
호흡곤란과 쇼크가 동반된 상태입니다.,1
중증 호흡곤란으로 인해 의식이 점점 희미해지고 있습니다.,1
무의식 상태로 발견되었습니다. 생명에 위협이 있는 상황입니다.,1
갑작스러운 쇼크 증상이 발생했습니다. 긴급 구조 요청합니다.,1
중증 호흡곤란으로 인해 숨을 제대로 쉬지 못하고 있습니다.,1
경련을 동반한 금단 증상이 나타나고 있습니다. 즉시 지원 바랍니다.,1
호흡곤란이 중등도 수준으로 나타나고 있습니다,2
혈압이 비정상적이며 혈역학적 장애 증세가 있습니다.,2
"이 사람은 의식이 조금 흐릿하거나 혼란스러워 보입니다. 상태를 점수로 평가해 보면, 완전히 깨어 있지는 않지만 심각한 혼수 상태는 아니에요.",2
고열과 면역 억제 상태로 긴급 의료 조치가 필요합니다.,2
"이 사람은 몸에 심각한 감염이 의심되며, 열이 나거나 맥박이 빠르거나 호흡이 어려운 등 세 가지 이상 문제가 있어요.",2
알려지지 않은 고위험 물질을 과다복용한 상황입니다.,2
환자가 안전하지 않으며 도주 위험이 있습니다.,2
중등도 호흡곤란으로 인해 불안정한 상태입니다.,2
혈압과 맥박 수치가 이상하게 측정됩니다.,2
열과 의식 변화를 동시에 보이고 있습니다.,2
경증 호흡곤란 증상이 지속되고 있습니다.,3
비정상적인 맥박수와 맥박압이 나타났으나 안정적입니다.,3
구체적인 계획은 없지만 자살관념이 있는 것으로 보입니다.,3
경증 호흡곤란과 함께 열이 동반되었습니다.,3
환자가 불안정하지는 않으나 비정상적인 맥박이 보입니다.,3
환자가 아파 보이지만 긴급한 상태는 아닙니다.,3
열이 지속되며 몸 상태가 점점 나빠지는 것 같습니다.,3
불안을 동반한 금단 증상이 보이고 있습니다.,3
호흡이 안정적이지만 이상 징후가 의심됩니다.,3
"이 사람은 열이 나고, 몸에서 감염이나 염증 반응으로 보이는 몇 가지 신호가 나타나고 있어요.",3
저독성 물질을 소량 복용한 것으로 보입니다.,4
과다복용 이후 특별한 이상 증상은 없습니다.,4
경미한 불안 증상을 보이며 환자는 안정되어 있습니다.,4
열이 조금 있으며 크게 아파 보이지는 않습니다.,4
급성 불면증으로 도움을 요청하고 있습니다,4
경증 불안과 초조 증상이 나타났습니다,4
환자가 안정되어 있고 특별한 위험 징후는 없습니다.,4
만성적인 불안 상태로 보이나 응급 상황은 아닙니다.,4
급성적인 스트레스 반응으로 도움이 필요합니다.,4
"이 사람은 열이 나지만 전반적으로 상태는 괜찮아 보입니다. 다만, 몸에서 감염이나 염증 반응으로 보이는 신호 한 가지가 나타나고 있어요.",4
만성적인 불면증으로 도움을 요청합니다.,5
사회적 문제로 인한 스트레스를 받고 있지만 상태는 안정적입니다.,5
만성 두통이 있으며 특별한 응급 증상은 없습니다.,5
눈 충혈과 경미한 통증이 지속되고 있습니다.,5
눈에 약간의 이물질이 있는 것으로 보입니다.,5
비급성 상태이며 만성적인 증상을 호소합니다.,5
경미한 통증과 불편함으로 병원을 방문하고자 합니다.,5
눈 충혈과 분비물이 있지만 응급 상황은 아닙니다.,5
만성적인 스트레스로 인해 약간의 초조함이 있습니다.,5
급성 증상이 아니라 만성적인 상태가 지속되고 있습니다.,5
환자가 심한 흉통을 느끼며 호흡이 힘들고 얼굴이 창백한 상태,1
환자가 극심한 두통을 앓고 있으며 의식이 혼미한 상태,1
"환자가 의식이 없고, 피부가 시퍼렇게 변한 상태",1
환자가 응급실에서 심한 출혈을 보이며 의식을 잃은 상태,1
환자가 심각한 알레르기 반응으로 얼굴이 부풀어 오른 상태,1
환자가 극심한 복통을 호소하며 턱이나 목으로 방사되는 통증을 느끼는 상태,1
환자가 혈압이 매우 낮아지고 피부가 차갑고 끈적한 상태,1
환자가 의식 수준이 크게 저하되어서 주위 사람의 소리를 듣지 못하는 상태,1
환자가 경미한 외상 후 혼수 상태 발생,1
환자가 심각한 교통사고의 생존자로서 대량 출혈 및 의식 저하 상태,1
환자가 사망 직전의 심각한 심혈관 사고로 입원한 상태,1
환자가 호흡 곤란으로 인해 산소 포화도가 급격히 떨어진 상태,1
환자가 심한 고열과 경련을 동반한 심각한 바이러스 감염 상태,1
환자가 뼈 골절로 인해 심한 통증과 쇼크 상태에 놓인 상태,1
환자가 발작 후 심한 혼수 상태에 이른 상태,1
환자가 심리적 충격으로 인해 의식을 잃고 있는 상태,1
환자가 중증 심부전으로 인한 극심한 호흡곤란,1
환자가 쇽으로 인해 의식이 혼란스럽고 맥박이 불규칙한 상태,1
환자가 급성 호흡부전으로 신속한 치료가 필요한 상태,1
환자가 심각한 탈수로 인해 기절할 위험에 처한 상태,1
환자가 심각한 각종 장기 손상을 동반한 상태로서 즉각적인 처치가 필요한 상황,1
환자가 심한 약물 중독으로 인한 반응 없음 상태,1
환자가 비정상적으로 빠른 심장 박동과 함께 호흡 곤란 상태,1
환자가 의식 잃은 상태에서 무의식적으로 반복적으로 경기를 일으키는 경우,1
환자가 합병증 발생 후 인공 호흡기를 필요로 하는 상태,1
환자가 심한 심장마비로 인한 신속한 CPR이 필요한 상태,1
환자가 대량 출혈로 인해 혈압이 급격히 떨어지는 상태,1
환자가 심한 화상으로 인해 쇼크 상태에 빠진 경우,1
환자가 급성 뇌졸중 증상으로 의식이 저하되고 편마비가 나타난 상태,1
환자가 심한 알레르기 반응으로 호흡곤란과 혈압 저하를 보이는 상태,1
환자가 심한 외상성 뇌손상으로 의식이 없고 동공이 확대된 상태,1
환자가 급성 심근경색으로 인해 극심한 흉통과 호흡곤란을 호소하는 상태,1
환자가 폐색전증으로 인해 갑작스러운 호흡곤란과 흉통을 겪는 상태,1
환자가 대동맥 박리로 인해 극심한 흉통과 쇼크 증상을 보이는 상태,1
환자가 심한 패혈증으로 인해 고열과 저혈압 상태에 있는 경우,1
환자가 급성 간부전으로 인해 의식이 혼미하고 황달이 심한 상태,1
환자가 급성 신부전으로 인해 호흡곤란과 부종이 심한 상태,1
환자가 심한 전해질 불균형으로 인해 부정맥과 의식 저하를 보이는 상태,1
환자가 급성 중독으로 인해 호흡 억제와 의식 저하를 보이는 상태,1
환자가 심한 두부 외상으로 인해 뇌압 상승과 의식 저하를 보이는 상태,1
환자가 급성 복부 대동맥류 파열로 인해 극심한 복통과 쇼크 상태에 있는 경우,1
환자가 심한 천식 발작으로 인해 호흡이 거의 불가능한 상태,1
환자가 급성 간염으로 인해 의식이 혼미하고 출혈 경향이 있는 상태,1
환자가 심한 당뇨병성 케톤산증으로 인해 의식이 저하되고 탈수가 심한 상태,1
환자가 급성 폐부종으로 인해 극심한 호흡곤란과 청색증을 보이는 상태,1
환자가 심한 외상성 출혈로 인해 혈압이 측정되지 않는 상태,1
환자가 급성 심부전으로 인해 폐부종과 쇼크 상태에 있는 경우,1
환자가 심한 두개내 출혈로 인해 의식이 없고 동공이 확대된 상태,1
환자가 급성 췌장염으로 인해 극심한 복통과 쇼크 증상을 보이는 상태,1
환자가 심한 폐렴으로 인해 호흡부전과 패혈증 상태에 있는 경우,1
환자가 급성 심근염으로 인해 심한 부정맥과 쇼크 증상을 보이는 상태,1
환자가 심한 저혈당으로 인해 의식이 없고 경련을 일으키는 상태,1
환자가 급성 폐색전증으로 인해 갑작스러운 호흡곤란과 실신을 경험한 상태,1
환자가 심한 화상으로 인해 기도 부종과 호흡곤란을 보이는 상태,1
환자가 급성 뇌수막염으로 인해 고열과 의식 저하를 보이는 상태,1
환자가 심한 전기 화상으로 인해 심장 부정맥과 의식 저하를 보이는 상태,1
환자가 급성 대동맥 박리로 인해 극심한 등 통증과 쇼크 상태에 있는 경우,1
환자가 심한 일산화탄소 중독으로 인해 의식이 없고 피부가 선홍색인 상태,1
환자가 급성 간성 뇌증으로 인해 혼수 상태에 빠진 경우,1
환자가 심한 폐출혈로 인해 대량 객혈과 호흡곤란을 보이는 상태,1
환자가 급성 신부전으로 인해 폐부종과 고칼륨혈증을 보이는 상태,1
환자가 심한 뇌졸중으로 인해 의식이 없고 호흡이 불규칙한 상태,1
환자가 급성 심장막 압전으로 인해 저혈압과 경정맥이 부풀어 오른 상태,1
환자가 심한 패혈성 쇼크로 인해 다발성 장기 부전을 보이는 상태,1
환자가 급성 폐색전증으로 인해 심정지 직전의 상태,1
환자가 심한 두개내압 상승으로 인해 의식이 없고 제뇌강직을 보이는 상태,1
환자가 급성 대량 객혈로 인해 기도 폐쇄와 쇼크 상태에 있는 경우,1
환자가 심한 저나트륨혈증으로 인해 경련과 혼수 상태를 보이는 경우,1
환자가 급성 중독성 간염으로 인해 의식이 혼미하고 황달이 심한 상태,1
환자가 심한 급성 신부전으로 인해 폐부종과 고칼륨혈증을 보이는 상태,1
환자가 급성 심근경색 후 심실 세동으로 인해 의식이 없는 상태,1
환자가 심한 두부 외상 후 경막하 출혈로 인해 의식이 없고 동공이 확대된 상태,1
환자가 급성 대동맥 박리로 인해 극심한 흉통과 하지 마비를 보이는 상태,1
환자가 심한 천식 발작으로 인해 의식이 저하되고 호흡이 거의 멈춘 상태,1
환자가 급성 폐렴으로 인한 패혈성 쇼크로 다발성 장기 부전을 보이는 상태,1
환자가 심한 당뇨병성 케톤산증으로 인해 심한 탈수와 의식 저하를 보이는 상태,1
환자가 급성 뇌내 출혈로 인해 의식이 없고 제뇌강직을 보이는 상태,1
환자가 심한 외상성 쇼크로 인해 의식이 없고 혈압이 측정되지 않는 상태,1
환자가 심한 전기 화상으로 인해 심장 부정맥과 의식 소실을 보이는 상태,1
환자가 급성 메탄올 중독으로 인해 심한 대사성 산증과 시력 상실을 호소하는 상태,1
환자가 중증 열사병으로 인해 체온이 42도 이상 상승하고 다발성 장기 부전을 보이는 상태,1
환자가 심한 흉통을 호소하며 식은땀을 흘리는 상태,2
환자가 급성 알레르기 반응으로 호흡곤란과 두드러기를 보이는 상태,2
환자가 심한 복통과 함께 구토를 지속적으로 하는 상태,2
환자가 갑작스러운 시력 상실을 호소하는 상태,2
환자가 심한 두통과 함께 의식이 점점 흐려지는 상태,2
환자가 급성 중독 증상으로 구토와 혼란을 보이는 상태,2
환자가 심한 요통과 함께 하지 마비 증상을 호소하는 상태,2
환자가 급성 천식 발작으로 호흡곤란을 겪는 상태,2
환자가 심한 출혈로 인해 혈압이 떨어지는 상태,2
환자가 급성 신부전 증상으로 소변량이 급격히 감소한 상태,2
환자가 심한 두부 외상 후 의식이 점점 저하되는 상태,2
환자가 급성 간부전 증상으로 황달과 혼미한 의식을 보이는 상태,2
환자가 심한 화상으로 인해 통증과 쇼크 증상을 보이는 상태,2
환자가 급성 뇌졸중 의심 증상으로 편마비와 언어장애를 보이는 상태,2
환자가 심한 당뇨병성 케톤산증 증상으로 탈수와 혼미한 의식을 보이는 상태,2
환자가 급성 심근경색 의심 증상으로 극심한 흉통을 호소하는 상태,2
환자가 심한 외상성 출혈로 인해 혈압이 불안정한 상태,2
환자가 급성 폐색전증 의심 증상으로 갑작스러운 호흡곤란을 호소하는 상태,2
환자가 심한 전해질 불균형으로 인해 근육 경련과 혼란을 보이는 상태,2
환자가 급성 대동맥 박리 의심 증상으로 극심한 등 통증을 호소하는 상태,2
환자가 심한 두개내압 상승 증상으로 두통과 구토를 반복하는 상태,2
환자가 급성 췌장염 의심 증상으로 극심한 복통과 구토를 호소하는 상태,2
환자가 심한 저혈당 증상으로 의식이 흐려지고 발한이 심한 상태,2
환자가 급성 담낭염 의심 증상으로 우상복부 통증과 발열을 보이는 상태,2
환자가 심한 폐렴 증상으로 고열과 호흡곤란을 보이는 상태,2
환자가 급성 장폐색 의심 증상으로 복통과 구토를 지속적으로 하는 상태,2
환자가 심한 요로감염 증상으로 고열과 의식 혼란을 보이는 상태,2
환자가 급성 심부전 악화로 호흡곤란과 하지 부종이 심해진 상태,2
환자가 심한 편두통으로 극심한 두통과 구토를 반복하는 상태,2
환자가 급성 충수염 의심 증상으로 우하복부 통증과 발열을 보이는 상태,2
환자가 심한 탈수 증상으로 의식이 흐려지고 소변량이 감소한 상태,2
환자가 급성 간염 의심 증상으로 황달과 복통을 호소하는 상태,2
환자가 심한 고혈압성 응급 상황으로 두통과 시야 흐림을 호소하는 상태,2
환자가 급성 신우신염 의심 증상으로 고열과 옆구리 통증을 호소하는 상태,2
환자가 심한 편도염으로 인해 호흡곤란과 연하곤란을 호소하는 상태,2
"환자가 급성 담관염 의심 증상으로 황달과 복통, 발열을 보이는 상태",2
환자가 심한 대상포진 통증으로 극심한 고통을 호소하는 상태,2
환자가 급성 심근염 의심 증상으로 흉통과 호흡곤란을 호소하는 상태,2
환자가 심한 폐부종 증상으로 호흡곤란과 기침을 지속적으로 하는 상태,2
"환자가 급성 뇌수막염 의심 증상으로 고열과 심한 두통, 목 경직을 보이는 상태",2
환자가 심한 급성 통풍 발작으로 극심한 관절 통증을 호소하는 상태,2
환자가 급성 녹내장 발작 의심 증상으로 극심한 안구 통증과 구토를 호소하는 상태,2
환자가 심한 폐기종 악화로 호흡곤란이 심해진 상태,2
환자가 급성 심방세동으로 인한 빠른 심박수와 호흡곤란을 호소하는 상태,2
"환자가 심한 급성 방광염 증상으로 빈뇨와 배뇨통, 발열을 보이는 상태",2
환자가 급성 일산화탄소 중독 의심 증상으로 두통과 어지러움을 호소하는 상태,2
환자가 심한 급성 위장관 출혈로 인해 흑색변과 어지러움을 호소하는 상태,2
"환자가 급성 폐렴구균 감염 의심 증상으로 고열과 기침, 호흡곤란을 보이는 상태",2
"환자가 심한 급성 전립선염 증상으로 배뇨통과 발열, 오한을 호소하는 상태",2
"환자가 급성 뇌진탕 의심 증상으로 두통과 구토, 기억력 저하를 보이는 상태",2
환자가 심한 급성 편도주위농양 증상으로 연하곤란과 발열을 호소하는 상태,2
"환자가 급성 대장염 의심 증상으로 심한 설사와 복통, 발열을 보이는 상태",2
환자가 심한 급성 췌장염 악화로 극심한 복통과 구토를 반복하는 상태,2
환자가 급성 폐혈전증 의심 증상으로 갑작스러운 호흡곤란과 흉통을 호소하는 상태,2
환자가 심한 급성 담석증 발작으로 극심한 우상복부 통증을 호소하는 상태,2
환자가 급성 심낭염 의심 증상으로 흉통과 호흡곤란을 호소하는 상태,2
환자가 심한 급성 중이염 증상으로 극심한 귀 통증과 발열을 보이는 상태,2
"환자가 급성 폐농양 의심 증상으로 고열과 기침, 흉통을 호소하는 상태",2
환자가 심한 급성 요로결석 증상으로 극심한 옆구리 통증과 혈뇨를 보이는 상태,2
환자가 급성 간성 뇌증 초기 증상으로 의식 혼미와 손떨림을 보이는 상태,2
환자가 심한 급성 담낭염 악화로 고열과 우상복부 통증이 지속되는 상태,2
"환자가 급성 심근염 의심 증상으로 흉통과 호흡곤란, 부정맥을 보이는 상태",2
환자가 심한 급성 폐렴 악화로 고열과 호흡곤란이 심해진 상태,2
"환자가 급성 뇌염 초기 증상으로 고열과 의식 변화, 경련을 보이는 상태",2
"환자가 심한 급성 간염 악화로 황달과 복수, 의식 저하를 보이는 상태",2
환자가 급성 신장 결석으로 인한 극심한 옆구리 통증과 구토를 호소하는 상태,2
환자가 심한 급성 대동맥 박리 의심 증상으로 극심한 흉통과 등 통증을 호소하는 상태,2
"환자가 급성 뇌출혈 초기 증상으로 극심한 두통과 구토, 의식 저하를 보이는 상태",2
환자가 심한 급성 폐부종으로 인한 극심한 호흡곤란과 불안을 호소하는 상태,2
"환자가 급성 심근경색 의심 증상으로 극심한 흉통과 호흡곤란, 식은땀을 보이는 상태",2
"환자가 심한 급성 췌장염으로 인한 극심한 복통과 구토, 발열을 호소하는 상태",2
환자가 급성 뇌경색 초기 증상으로 갑작스러운 편마비와 언어장애를 보이는 상태,2
환자가 심한 급성 폐색전증 의심 증상으로 갑작스러운 호흡곤란과 흉통을 호소하는 상태,2
"환자가 심한 급성 담관염 증상으로 고열과 황달, 우상복부 통증을 호소하는 상태",2
"환자가 급성 중독성 간염 의심 증상으로 심한 황달과 복통, 의식 혼미를 보이는 상태",2
"환자가 심한 급성 심근염 증상으로 흉통과 호흡곤란, 부정맥을 호소하는 상태",2
"환자가 급성 뇌하수체 졸중 의심 증상으로 극심한 두통과 시력 저하, 오심을 보이는 상태",2
"환자가 심한 급성 폐쇄성 요로감염 증상으로 고열과 옆구리 통증, 오한을 호소하는 상태",2
"환자가 급성 대동맥 박리 의심 증상으로 극심한 흉통과 등 통증, 혈압 불안정을 보이는 상태",2
"환자가 심한 급성 간질성 폐렴 증상으로 고열과 심한 호흡곤란, 기침을 호소하는 상태",2
환자가 급성 중증 근무력증 위기 의심 증상으로 심한 근력 저하와 호흡곤란을 보이는 상태,2
3 SIRS 기준에 미치지 않는 경미한 발열 증상을 보이는 상태,3
급성 중심성 중등도 통증(4-7)으로 불편함을 호소하는 상태,3
경증 호흡곤란으로 숨이 약간 가쁘고 불안해 보이는 상태,3
중등도나 경증의 출혈성 질환으로 관찰이 필요한 상태,3
기도에 이물질이 있을 가능성이 있는 상태,3
급성 말초성 중증 통증(8-10)으로 극심한 통증을 호소하는 상태,3
예측 FEV1 혹은 PEER이 40-60%인 중등도 천식 상태,3
비정상 맥박수와 맥박압을 보이지만 혈역학적으로 안정된 상태,3
호흡곤란이 없는 연하장애 상태,3
만성 중심성 중증 통증(8-10)으로 지속적인 고통을 호소하는 상태,3
급성발병으로 지속되는 증상을 보이는 상태,3
고혈압(수축기혈압≥220 혹은 이완기혈압≥130)이지만 다른 증상이 없는 상태,3
고혈압(수축기혈압 200-220 및 이완기혈압 110-130) 증상이 동반된 상태,3
갑자기 보행이 어려워져 균형을 잃고 불안정하게 움직이는 상태,3
경증 탈수로 약간의 갈증을 느끼는 상태,3
중등도의 복통으로 불편함을 느끼는 상태,3
경미한 두통으로 약간의 불편함을 느끼는 상태,3
경증의 알레르기 반응으로 피부 발진과 가려움을 호소하는 상태,3
중등도의 요통으로 움직임에 제한이 있는 상태,3
경미한 어지러움으로 약간의 균형 감각 저하를 느끼는 상태,3
중등도의 구토 증상으로 수분 섭취에 어려움을 겪는 상태,3
경증의 발열로 체온이 38도 정도 상승한 상태,3
중등도의 설사로 화장실을 자주 가는 상태,3
경미한 흉통으로 약간의 불편함을 느끼는 상태,3
중등도의 근육통으로 움직임에 약간의 제한이 있는 상태,3
경증의 비출혈로 출혈량이 적고 지혈이 가능한 상태,3
중등도의 관절통으로 움직임에 불편함을 느끼는 상태,3
경미한 눈의 충혈과 가려움을 호소하는 상태,3
중등도의 귀통증으로 불편함을 느끼는 상태,3
경증의 인후통으로 목이 약간 아픈 상태,3
중등도의 근육 경련으로 간헐적인 통증을 느끼는 상태,3
경미한 피부 발진으로 약간의 가려움을 느끼는 상태,3
중등도의 불안 증상으로 초조해 보이는 상태,3
경증의 현기증으로 약간의 어지러움을 느끼는 상태,3
경미한 손목 통증으로 약간의 불편함을 느끼는 상태,3
중등도의 발목 부종으로 신발 착용에 어려움을 겪는 상태,3
경증의 메스꺼움을 호소하는 상태,3
중등도의 두통으로 집중력이 저하된 상태,3
경미한 목 통증으로 목 움직임에 약간의 제한이 있는 상태,3
중등도의 허리 통증으로 움직임에 불편함을 느끼는 상태,3
경증의 어깨 통증으로 팔 움직임에 약간의 제한이 있는 상태,3
중등도의 발열로 체온이 38.5도 정도 상승한 상태,3
경미한 복통으로 약간의 불편함을 느끼는 상태,3
중등도의 근육 통증으로 움직임에 제한이 있는 상태,3
경증의 두통으로 약간의 불편함을 느끼는 상태,3
중등도의 관절 통증으로 움직임에 불편함을 느끼는 상태,3
경미한 호흡 곤란으로 약간의 숨가쁨을 느끼는 상태,3
경증의 목 통증으로 목 움직임에 약간의 제한이 있는 상태,3
중등도의 어지러움으로 균형 유지에 어려움을 느끼는 상태,3
경미한 귀 통증으로 약간의 불편함을 느끼는 상태,3
중등도의 인후통으로 음식 섭취에 어려움을 느끼는 상태,3
경증의 눈 통증으로 약간의 불편함을 느끼는 상태,3
중등도의 피부 발진으로 가려움을 호소하는 상태,3
경미한 근육 경련으로 간헐적인 불편함을 느끼는 상태,3
중등도의 손목 통증으로 손의 사용에 제한이 있는 상태,3
경미한 발목 부종으로 약간의 불편함을 느끼는 상태,3
중등도의 메스꺼움을 호소하는 상태,3
경증의 요통으로 약간의 불편함을 느끼는 상태,3
중등도의 목 통증으로 목 움직임에 제한이 있는 상태,3
경미한 어깨 통증으로 팔 움직임에 약간의 제한이 있는 상태,3
중등도의 두통으로 통증으로 인해 집중력이 저하된 상태,3
경미한 허리 통증으로 약간의 불편함을 느끼는 상태,3
경증의 호흡 곤란으로 약간의 숨가쁨을 느끼는 상태,3
중등도의 근육통으로 움직임에 제한이 있는 상태,3
경미한 인후통으로 약간의 불편함을 느끼는 상태,3
경증의 피부 발진으로 약간의 가려움을 느끼는 상태,3
중등도의 요로 감염 증상으로 배뇨 시 통증을 호소하는 상태,3
경미한 편두통으로 약간의 두통과 빛 민감성을 보이는 상태,3
중등도의 소화불량으로 속쓰림과 불편감을 호소하는 상태,3
경증의 불면증으로 수면에 어려움을 겪는 상태,3
중등도의 월경통으로 복부 통증을 호소하는 상태,3
경미한 알레르기성 비염으로 콧물과 재채기 증상을 보이는 상태,3
중등도의 요추 염좌로 허리 움직임에 제한이 있는 상태,3
경증의 편도염으로 목의 불편함을 호소하는 상태,3
중등도의 발목 염좌로 보행에 어려움을 겪는 상태,3
경미한 위장염으로 가벼운 복통과 설사 증상을 보이는 상태,3
중등도의 긴장성 두통으로 지속적인 두통을 호소하는 상태,3
경증의 방광염으로 빈뇨 증상을 보이는 상태,3
중등도의 손목 터널 증후군으로 손목과 손가락의 저림을 호소하는 상태,3
경미한 갑상선 기능 저하 증상으로 피로감을 느끼는 상태,3
중등도의 건초염으로 관절 주변 통증을 호소하는 상태,3
경증의 역류성 식도염으로 가슴쓰림 증상을 보이는 상태,3
중등도의 편도 비대로 목구멍 불편감을 호소하는 상태,3
경증의 급성 결막염으로 눈의 충혈과 가려움을 느끼는 상태,3
중등도의 요추 디스크 탈출증으로 허리와 다리의 통증을 호소하는 상태,3
경증의 폐경기 증상으로 간헐적인 안면 홍조를 경험하는 상태,3
중등도의 족저근막염으로 발뒤꿈치 통증을 호소하는 상태,3
경증의 불안 장애 증상으로 가벼운 초조감을 느끼는 상태,3
중등도의 만성 부비동염으로 코막힘과 두통을 호소하는 상태,3
경증의 건성안 증후군으로 눈의 건조함과 불편감을 느끼는 상태,3
중등도의 테니스 엘보로 팔꿈치 외측 통증을 호소하는 상태,3
경증의 과민성 대장 증후군으로 간헐적인 복통과 변비를 경험하는 상태,3
중등도의 편두통 전조증상으로 시야 장애와 어지러움을 호소하는 상태,3
우울한 상태이지만 자살 생각은 없는 안정된 상태,4
대처하기 어려운 상황에 놓여 있지만 안정을 유지하는 상태,4
해를 끼치지 않는 행동을 보이는 안정된 상태,4
학대의 병력이나 징후를 보이지만 현재는 안전한 상태,4
열이 있지만 건강해 보이며 1 SIRS 기준을 만족하는 상태,4
"만성적인 상태로, 평상시와 변화가 없는 상태",4
급성 중심성 경증 통증(<4)을 경험하는 상태,4
만성 중심성 중등도 통증(4-7)을 겪고 있는 상태,4
급성 중심성 경증 통증(<4)을 겪고 있는 상태,4
의식소실의 병력이 없는 비교적 안정적인 상태,4
"열이 나고 건강해 보이는 상태로, 1 SIRS 기준을 만족하는 상태",4
경미한 두통을 호소하지만 일상 활동에 지장이 없는 상태,4
가벼운 소화불량으로 약간의 불편함을 느끼는 상태,4
경도의 관절통으로 약간의 움직임 제한이 있는 상태,4
가벼운 피부 발진으로 약간의 가려움을 느끼는 상태,4
경미한 목 통증으로 목 움직임에 약간의 불편함이 있는 상태,4
가벼운 요통으로 일상 활동에 큰 지장이 없는 상태,4
경도의 어지러움을 느끼지만 균형 유지에는 문제가 없는 상태,4
가벼운 코막힘과 재채기로 불편함을 느끼는 상태,4
경미한 근육통으로 약간의 불편함을 느끼는 상태,4
가벼운 설사 증상이 있지만 탈수 징후는 없는 상태,4
경도의 피로감을 느끼지만 일상 활동은 가능한 상태,4
가벼운 인후통으로 약간의 불편함을 느끼는 상태,4
경미한 귀 통증으로 청력에는 영향이 없는 상태,4
가벼운 눈의 충혈로 약간의 불편함을 느끼는 상태,4
경도의 생리통으로 약간의 불편함을 느끼는 상태,4
가벼운 발목 통증으로 보행에 큰 지장이 없는 상태,4
경미한 손목 통증으로 손 사용에 약간의 불편함이 있는 상태,4
가벼운 어깨 통증으로 팔 움직임에 약간의 제한이 있는 상태,4
경도의 무릎 통증으로 보행에 약간의 불편함이 있는 상태,4
가벼운 허리 통증으로 움직임에 약간의 제한이 있는 상태,4
경미한 목 뻣뻣함으로 목 회전에 약간의 불편함이 있는 상태,4
가벼운 발바닥 통증으로 보행에 큰 지장이 없는 상태,4
경도의 손가락 관절 통증으로 약간의 불편함을 느끼는 상태,4
가벼운 발열감이 있지만 체온은 정상 범위인 상태,4
경미한 메스꺼움을 느끼지만 구토는 없는 상태,4
가벼운 현기증을 느끼지만 일상 활동에 지장이 없는 상태,4
경도의 가슴 답답함을 느끼지만 호흡에는 문제가 없는 상태,4
가벼운 코피로 출혈량이 적고 쉽게 멈추는 상태,4
가벼운 피부 가려움증으로 약간의 불편함을 느끼는 상태,4
경도의 입 마름 증상으로 약간의 불편함을 느끼는 상태,4
가벼운 목소리 변화로 의사소통에 큰 지장이 없는 상태,4
경미한 손발 저림 증상으로 약간의 불편함을 느끼는 상태,4
가벼운 입술 건조감으로 약간의 불편함을 느끼는 상태,4
경도의 입맛 변화로 식사에 큰 지장이 없는 상태,4
가벼운 귀 울림 증상으로 일상 생활에 큰 영향이 없는 상태,4
경미한 눈의 피로감으로 시력에 큰 영향이 없는 상태,4
가벼운 코 막힘으로 호흡에 큰 지장이 없는 상태,4
경도의 입 안 염증으로 약간의 불편함을 느끼는 상태,4
가벼운 손톱 주변 염증으로 약간의 통증을 느끼는 상태,4
경미한 발톱 주변 염증으로 보행에 큰 지장이 없는 상태,4
가벼운 두피 가려움증으로 약간의 불편함을 느끼는 상태,4
경도의 입술 갈라짐으로 약간의 통증을 느끼는 상태,4
가벼운 잇몸 출혈로 양치 시 약간의 불편함을 느끼는 상태,4
경미한 치아 통증으로 음식 섭취에 큰 지장이 없는 상태,4
가벼운 목의 이물감으로 약간의 불편함을 느끼는 상태,4
경도의 가슴 두근거림을 느끼지만 활력 징후는 정상인 상태,4
가벼운 손발 부종으로 일상 활동에 큰 지장이 없는 상태,4
경미한 체중 변화로 건강에 큰 영향이 없는 상태,4
가벼운 식욕 감소로 영양 상태에 큰 영향이 없는 상태,4
경도의 불면증으로 약간의 수면 장애를 겪는 상태,4
가벼운 기억력 저하로 일상 생활에 큰 지장이 없는 상태,4
경미한 집중력 저하로 업무 수행에 큰 영향이 없는 상태,4
가벼운 손떨림으로 일상 활동에 큰 지장이 없는 상태,4
경도의 발한 증가로 약간의 불편함을 느끼는 상태,4
가벼운 호흡 곤란으로 일상 활동에 큰 지장이 없는 상태,4
경미한 가려움증으로 피부에 약간의 불편함을 느끼는 상태,4
가벼운 근육 약화로 일상 활동에 큰 영향이 없는 상태,4
경도의 관절 뻣뻣함으로 움직임에 약간의 제한이 있는 상태,4
가벼운 균형 감각 저하로 보행에 큰 지장이 없는 상태,4
경미한 시력 흐림으로 일상 생활에 큰 영향이 없는 상태,4
가벼운 청력 저하로 의사소통에 큰 지장이 없는 상태,4
경도의 미각 변화로 식사에 큰 영향이 없는 상태,4
가벼운 후각 저하로 일상 생활에 큰 지장이 없는 상태,4
경미한 촉각 변화로 일상 활동에 큰 영향이 없는 상태,4
가벼운 소화 불량으로 식사에 큰 지장이 없는 상태,4
경도의 변비 증상으로 약간의 불편함을 느끼는 상태,4
가벼운 소변 빈도 증가로 일상 생활에 큰 지장이 없는 상태,4
경미한 생리 불순으로 건강에 큰 영향이 없는 상태,4
가벼운 성기능 저하로 일상 생활에 큰 영향이 없는 상태,4
경도의 탈모 증상으로 외모에 큰 영향이 없는 상태,4
가벼운 손발톱 변색으로 건강에 큰 영향이 없는 상태,4
경미한 피부 건조증으로 약간의 불편함을 느끼는 상태,4
가벼운 근육 경직으로 움직임에 큰 지장이 없는 상태,4
경도의 관절 부종으로 약간의 불편함을 느끼는 상태,4
가벼운 목 당김으로 고개 돌림에 약간의 불편함을 느끼는 상태,4
경미한 발바닥 통증으로 장시간 서 있을 때 약간의 불편함을 느끼는 상태,4
가벼운 손목 통증으로 글씨 쓰기나 타이핑에 약간의 어려움을 느끼는 상태,4
경도의 눈 피로감으로 장시간 화면 보기에 약간의 불편함을 느끼는 상태,4
가벼운 허리 뻣뻣함으로 몸을 구부리는 데 약간의 제한이 있는 상태,4
경미한 발목 불편감으로 오래 걸을 때 약간의 불편함을 느끼는 상태,4
경미한 말초성 통증(<4)을 느끼는 상태,5
만성 말초성 통증(<8)을 호소하는 상태,5
상지의 만성 경미한 통증을 호소하는 상태,5
급성 말초성 경증 통증(<4)을 느끼는 상태,5
하지의 만성 경미한 통증을 호소하는 상태,5
상지의 외상으로 만성 경증 통증을 호소하는 상태,5
하지의 외상으로 만성 경증 통증을 호소하는 상태,5
급성 말초성 경증 통증이 있어 약간의 불편함을 느끼는 상태,5
만성 말초성 통증이 있지만 심각하지 않으며 이를 견디고 있는 상태,5
동상이나 냉손상으로 인해 피부가 손상된 상태,5
경미한 물림으로 인해 불편함을 겪고 있는 상태,5
쏘임으로 인해 불편함을 겪고 있는 상태,5
경미한 찰과상으로 인해 약간의 불편함을 겪고 있는 상태,5
봉합이 필요 없는 경미한 상처를 가진 상태,5
화상이 있으며 경미한 통증을 느끼는 상태,5
급성 말초성 경증 통증(<4)로 인해 약간의 불편함을 느끼는 상태,5
피부에 이물질이 있어 불편함을 느끼는 상태,5
상처를 확인해야 하는 상태로 평가 중인 상태,5
스테이플이나 봉합사를 제거해야 하는 상태로 평가하는 중인 상태,5
국소성 발진이 나타나 추가적인 평가가 필요한 상태,5
경미한 두통으로 일상생활에 큰 지장이 없는 상태,5
가벼운 근육통으로 움직임에 큰 제한이 없는 상태,5
경도의 관절 통증으로 일상 활동이 가능한 상태,5
미세한 피부 발진으로 약간의 가려움을 느끼는 상태,5
경미한 목 뻣뻣함으로 고개 돌림에 약간의 불편함을 느끼는 상태,5
가벼운 코막힘과 재채기로 약간의 불편함을 느끼는 상태,5
경미한 인후통으로 음식 섭취에 큰 지장이 없는 상태,5
가벼운 귀 통증으로 청력에 영향이 없는 상태,5
경도의 눈 충혈로 시력에 큰 영향이 없는 상태,5
가벼운 생리통으로 일상 활동이 가능한 상태,5
경미한 발목 통증으로 보행에 큰 지장이 없는 상태,5
가벼운 손목 통증으로 손 사용에 약간의 불편함이 있는 상태,5
경도의 어깨 통증으로 팔 움직임에 약간의 제한이 있는 상태,5
가벼운 무릎 통증으로 보행에 큰 지장이 없는 상태,5
경미한 허리 통증으로 움직임에 약간의 제한이 있는 상태,5
가벼운 발바닥 통증으로 보행에 큰 영향이 없는 상태,5
경도의 손가락 관절 통증으로 일상 활동이 가능한 상태,5
경도의 입 마름 증상으로 일상 생활에 큰 지장이 없는 상태,5
가벼운 목소리 변화로 의사소통에 큰 문제가 없는 상태,5
경미한 손발 저림 증상으로 일상 활동이 가능한 상태,5
경도의 입맛 변화로 식사에 큰 영향이 없는 상태,5
가벼운 귀 울림 증상으로 일상 생활에 큰 지장이 없는 상태,5
경도의 입 안 염증으로 음식 섭취에 큰 문제가 없는 상태,5
가벼운 손톱 주변 염증으로 일상 활동이 가능한 상태,5
경도의 입술 갈라짐으로 일상 생활에 큰 영향이 없는 상태,5
가벼운 목의 이물감으로 일상 생활에 큰 영향이 없는 상태,5
경도의 불면증으로 일상 생활에 큰 지장이 없는 상태,5
가벼운 기억력 저하로 일상 활동이 가능한 상태,5
경도의 발한 증가로 일상 생활에 큰 영향이 없는 상태,5
가벼운 호흡 곤란으로 일상 활동이 가능한 상태,5
가벼운 청력 저하로 의사소통에 큰 문제가 없는 상태,5
경미한 촉각 변화로 일상 활동이 가능한 상태,5
경도의 변비 증상으로 일상 생활에 큰 영향이 없는 상태,5
가벼운 소변 빈도 증가로 일상 활동이 가능한 상태,5
가벼운 성기능 저하로 일상 생활에 큰 지장이 없는 상태,5
가벼운 손발톱 변색으로 일상 생활에 큰 영향이 없는 상태,5
경도의 관절 부종으로 일상 활동이 가능한 상태,5
경미한 발바닥 통증으로 보행에 큰 지장이 없는 상태,5
가벼운 손목 통증으로 일상 활동이 가능한 상태,5
경도의 눈 피로감으로 시력에 큰 영향이 없는 상태,5
가벼운 허리 뻣뻣함으로 움직임에 약간의 제한이 있는 상태,5
경미한 발목 불편감으로 보행에 큰 지장이 없는 상태,5
가벼운 손목염으로 약간의 불편함을 느끼는 상태,5
경미한 피부 알레르기 반응으로 가벼운 발진이 있는 상태,5
가벼운 소화불량으로 일상 활동에는 큰 문제가 없는 상태,5
경미한 집중력 저하로 업무 수행에 약간의 어려움을 겪는 상태,5
심장 외상으로 인한 출혈과 의식 불명 상태,1
대량 출혈로 인한 심각한 저혈량 쇼크,1
중증의 뇌경색으로 인한 의식 저하,1
부유물이 심한 교통사고로 의식 불명,1
대량의 화학 물질 흡입 후 호흡 곤란,1
심한 흉통과 호흡곤란을 동반한 환자,1
급성 심근경색증으로 인한 생명 위협,1
대형 사고로 의식이 없는 환자,1
심각한 신경 손상으로 인한 의식 불명,1
중증 아나필락시스로 의식 저하 상태,1
급성 호흡곤란을 겪고 있는 환자,1
급성 기도폐쇄에 의한 호흡 정지,1
급성 뇌출혈로 인한 의식불명 상태,1
심장 외상으로 인한 대출혈,1
중증 교통사고로 인한 내부 출혈 환자,1
대량 출혈로 인한 저혈량 쇼크 상태,1
급성 패혈증 환자,1
중증 화상으로 인해 생명이 위협받는 환자,1
폐색전증 의심되는 상태,1
급성 산소 부족 상태로 의식 불명,1
약물 과다 복용 후 의식불명 상태,1
대량의 소화기 출혈이 발생한 환자,1
급성 뇌졸중 발생 후 의식이 저하된 환자,1
체온이 급격히 떨어진 환자,1
트라우마로 인해 대량 출혈이 발생한 환자,1
급성 기도폐쇄 후 호흡곤란,1
경추 손상으로 인한 의식 불명,1
치명적인 감전사고 후 심정지 상태,1
중증 화학 중독 환자,1
외상성 폐손상으로 인한 심각한 호흡곤란,1
심한 화상 후 체온 급락,1
고압전선 접촉 후 의식불명 상태,1
호흡 정지 후 심정지 상태인 환자,1
급성 수두증 증세가 나타난 환자,1
가슴에 날카로운 물체가 찔린 환자,1
급성 호흡곤란 상태에서 의식 불명,1
무수혈 혈액 부족으로 인한 생명 위협 상태,1
급성 알레르기 반응으로 인한 부종과 호흡곤란,1
호흡정지와 심정지가 동반된 환자,1
임산부의 급성 출혈,1
중증의 약물 과다복용 환자,1
고압전선에 접촉한 환자,1
심한 폐렴으로 인한 호흡 곤란 상태,1
급성 다발성 외상으로 의식이 없는 환자,1
대량 출혈로 인한 의식 저하 상태,1
전기 충격 후 의식이 없는 환자,1
급성 약물 중독 환자,1
흉부 압박 후 심정지 발생,1
급성 패혈성 쇼크로 인한 의식 저하,1
급성 심한 과다출혈 상태,1
급성 기절 후 의식 없는 환자,1
급성 아나필락시스 쇼크 상태,1
급성 심장마비 후 의식 불명 상태,1
급성 심정지 후 인공호흡 필요,1
다리 절단 및 대량 출혈이 있는 환자,1
큰 외상 후 경미한 출혈이 아닌 대량 출혈,1
급성 구토와 출혈 동반 환자,1
급성 알레르기 반응으로 호흡곤란,1
저체온증으로 인한 의식불명 환자,1
다발성 골절로 인한 출혈과 의식 저하,1
심각한 화상 후 호흡 곤란 발생,1
교차 감염으로 의식이 저하된 환자,2
화학물질이 피부에 묻어서 심한 염증이 발생한 환자,2
식도에 물건이 걸려서 기도가 막힌 환자,2
"강한 흉통과 함께 팔꿈치, 팔에 방사통을 겪는 환자",2
고소공포증으로 인해 현기증과 구토가 발생한 환자,2
뇌출혈이 의심되는 두통 환자,2
가슴 압박으로 인해 심장 손상이 발생한 환자,2
알레르기 반응으로 입술과 목이 붓고 있는 환자,2
호흡 곤란과 가슴 통증을 동반한 환자,2
고온 다습한 환경에서 발생한 탈수,2
이물질이 호흡기로 들어가 기도가 막힌 환자,2
뼈에 날카로운 물체가 찔린 상태의 환자,2
뇌졸중 증세가 의심되는 환자,2
대량 출혈로 쇼크 상태에 빠진 환자,2
심한 복통과 함께 설사를 겪고 있는 환자,2
심박수 급변환 증세 (서맥 또는 빈맥),2
급성 복부 팽만과 함께 심한 복통을 호소하는 환자,2
전신에 두드러기와 발진이 발생한 환자,2
급격한 체중 변화로 인한 급성 요통,2
심한 복부 외상으로 장기가 손상된 환자,2
가슴에 날카로운 물체가 박혀 호흡이 어려운 환자,2
비타민 K 부족으로 발생한 대량 출혈,2
흉부에 구멍이 나서 호흡 곤란을 겪고 있는 환자,2
시신경 손상으로 인해 시야가 흐려지는 환자,2
심한 목통증과 함께 구토를 겪고 있는 환자,2
고혈압으로 의식이 혼미해진 환자,2
알레르기 반응으로 혀가 부풀어 오른 환자,2
고속도로 교통사고로 외상이 심한 환자,2
심한 감염 증세로 발열과 두통을 겪는 환자,2
다리 염좌로 인한 통증과 부종을 겪고 있는 환자,2
자동차 사고로 발생한 골반 골절 환자,2
전신에 발진과 가려움증이 동반된 환자,2
대량의 출혈로 인해 빈혈 상태에 빠진 환자,2
약물 중독으로 인한 호흡곤란과 혼수 상태,2
화학물질에 노출된 후 호흡 곤란을 겪는 환자,2
눈에 큰 충격을 받아 시야가 흐려진 환자,2
화상으로 인한 체액 손실이 발생한 환자,2
고혈당으로 의식이 혼미해진 환자,2
심한 두통과 구토가 동반된 환자,2
가슴 통증을 겪고 있는 환자,2
다리 골절 후 출혈이 동반된 환자,2
구토와 기침을 동반한 급격한 발열 환자,2
식사 후 급격한 속쓰림과 함께 구토를 겪는 환자,2
외부 충격으로 발생한 심한 두통 환자,2
큰 상처에서 대량 출혈이 발생한 환자,2
천식 발작으로 호흡곤란을 겪고 있는 환자,2
심각한 호흡기 질환으로 산소 부족이 발생한 환자,2
고온 다습한 환경에서 발생한 열탈진,2
대량의 출혈과 함께 다리 절단된 환자,2
팔꿈치 골절 후 출혈이 발생한 환자,2
알레르기 반응으로 얼굴이 부풀어 오른 환자,2
식사 후 심한 복부 팽만감을 겪고 있는 환자,2
대형 사고로 인한 여러 군데 골절이 발생한 환자,2
흉부 외상으로 인한 폐 찢어짐,2
심한 구역질을 동반한 배가 부풀어 오른 환자,2
발목 골절로 부종과 통증이 발생한 환자,2
고온 환경에서 발생한 열사병 환자,2
큰 사고로 여러 군데 골절이 발생한 환자,2
목에 대형 외상이 발생하여 호흡이 어려운 환자,2
피부에 큰 상처가 나서 대량 출혈이 발생한 환자,2
약간의 입맛 변화가 있는 환자,3
약간의 눈 충혈이 있는 환자,3
경증의 발열 증세를 보이는 환자,3
경미한 얼굴 붓기를 겪고 있는 환자,3
작은 손목 부상을 겪고 있는 환자,3
가벼운 기운이 빠지는 상태의 환자,3
경미한 입술 통증을 호소하는 환자,3
경미한 흉통을 겪고 있는 환자,3
가벼운 발열과 함께 피로감을 호소하는 환자,3
경미한 복부 팽만감을 겪고 있는 환자,3
경미한 어지러움과 함께 미약한 구토 증세가 있는 환자,3
약간의 귀 통증을 호소하는 환자,3
팔꿈치 골절이 의심되는 환자,3
경미한 요통을 호소하는 환자,3
경미한 소화기 불편함을 겪고 있는 환자,3
급성 소화불량을 호소하는 환자,3
손톱에 작은 금이 간 환자,3
경미한 심박수 변화가 있는 환자,3
약간의 어깨 통증을 호소하는 환자,3
경미한 피부 발적이 있는 환자,3
약간의 구강염이 발생한 환자,3
발바닥에 약간의 통증이 있는 환자,3
경미한 체중 감소를 겪고 있는 환자,3
작은 상처로 인해 불편함을 겪고 있는 환자,3
경미한 안면 신경 마비를 겪고 있는 환자,3
손톱에 작은 찰과상이 발생한 환자,3
가벼운 구강염으로 불편함을 겪고 있는 환자,3
가벼운 피부 발진이 있는 환자,3
약간의 구토 증세가 있는 환자,3
경미한 속쓰림을 겪고 있는 환자,3
가벼운 기운이 빠지는 상태로 피로감을 호소하는 환자,3
가벼운 구강염으로 인한 불편함을 호소하는 환자,3
경미한 기침을 동반한 인후염을 겪고 있는 환자,3
약간의 신경통을 느끼는 환자,3
경미한 신경통을 호소하는 환자,3
팔꿈치에 작은 찰과상을 입은 환자,3
급성 복통을 겪고 있는 환자,3
가벼운 구토를 호소하는 환자,3
경증의 피부 화상을 입은 환자,3
경미한 목 결림을 호소하는 환자,3
경미한 족저근막염을 겪고 있는 환자,3
다리의 가벼운 염좌로 불편함을 느끼는 환자,3
급성 식중독 증세를 보이는 환자,3
약간의 어지러움을 겪고 있는 환자,3
경미한 소화불량 증세가 있는 환자,3
가벼운 발열이 있는 환자,3
경미한 발열과 함께 피로감을 호소하는 환자,3
급성 두통으로 불편해하는 환자,3
경미한 다리 떨림을 겪고 있는 환자,3
약간의 입술 통증을 호소하는 환자,3
경미한 두통을 호소하는 환자,3
경미한 피로로 인해 하루 일과를 마친 상태,3
약간의 발진을 겪고 있는 환자,3
약간의 흉통을 겪고 있는 환자,3
작은 손톱 찰과상으로 불편함을 겪고 있는 환자,3
경미한 요통을 겪고 있는 환자,3
팔꿈치에 경미한 통증이 있는 환자,4
경미한 요도 통증을 호소하는 환자,4
약간의 배뇨 불편감을 겪고 있는 환자,4
약간의 기침을 동반한 경미한 인후염을 호소하는 환자,4
약간의 어지러움을 호소하는 환자,4
경미한 소화불량을 겪고 있는 환자,4
작은 피부 발진이 있는 환자,4
약간의 불면증을 겪고 있는 환자,4
경미한 얼굴 붓기가 있는 환자,4
경미한 근육 경련을 겪고 있는 환자,4
경미한 위염 증세가 있는 환자,4
작은 상처로 인한 가벼운 출혈이 있는 환자,4
약간의 피부 벗겨짐이 있는 환자,4
팔꿈치에 약간의 염증이 있는 환자,4
가벼운 피부 자극을 겪고 있는 환자,4
작은 상처로 인해 가벼운 출혈이 있는 환자,4
발목에 약간의 염좌가 있는 환자,4
허리의 경미한 불편함을 느끼는 환자,4
입술에 작은 헤르페스가 나타난 환자,4
경미한 피부 벗겨짐이 있는 환자,4
손목에 약간의 통증을 느끼는 환자,4
약간의 근육통을 호소하는 환자,4
손목에 경미한 통증을 겪고 있는 환자,4
손톱에 경미한 상처가 있는 환자,4
발목에 약간의 부기와 통증이 있는 환자,4
소화불량으로 인해 약간의 불쾌감을 느끼는 환자,4
다리의 가벼운 부종이 있는 환자,5
경미한 치은염을 겪고 있는 환자,5
경미한 기운이 빠지는 상태의 환자,5
경미한 속쓰림을 호소하는 환자,5
경미한 눈 충혈이 있는 환자,5
경미한 기침을 동반한 경미한 인후염을 호소하는 환자,5
소화불량으로 약간 불편한 상태인 환자,5
약간의 가슴 두근거림을 호소하는 환자,5
가벼운 경련을 겪고 있는 환자,5
약간의 호흡 곤란을 겪고 있는 환자,5
약간의 발열이 있는 환자,5
경미한 치통을 호소하는 환자,5
손가락에 작은 찰과상이 있는 환자,5
가벼운 구강염이 발생한 환자,5
작은 손목 부상으로 인해 불편함을 겪고 있는 환자,5
피부가 약간 붉게 변색된 환자,5
약간의 무기력증을 느끼는 환자,5
경미한 호흡곤란을 겪고 있는 환자,5
급성 심장마비 환자,1
대량의 화상으로 인한 생명 위협 상태,1
사고로 인한 뇌손상으로 의식을 잃은 환자,1
대규모 출혈로 인해 빈혈 상태인 환자,1
의식 없는 외상 환자,1
기도 폐쇄로 인한 호흡 정지,1
급성 아스트로시스 쇼크,1
환자의 심폐소생술(CPR) 필요,1
급성 뇌부종 증상,1
자동차 사고로 의식불명 상태인 환자,1
목에 물건이 박힌 상태로 의식 없는 환자,1
자살 시도로 인한 의식 불명 상태,1
급성 신경계 이상으로 의식이 불명확한 환자,1
심각한 화학 물질 중독 환자,1
상반신의 대량 화상과 의식불명 상태,1
중증 뇌출혈로 인한 생명 위협,1
산소 부족 상태로 의식 불명 상태인 환자,1
급성 심근경색으로 인한 심정지,1
고속도로 교통사고 후 중증 외상 환자,1
긴급 심장 이식 수술 후 생명 위협,1
급성 뇌졸중 증상으로 의식이 없는 환자,1
급성 기도 폐쇄로 인한 호흡 곤란,1
대형 화재에서 입은 중증 화상 환자,1
호흡이 막힌 외상 환자,1
의식 저하로 인한 환자의 생명 위협 상태,1
뇌출혈로 인한 구토 및 의식 저하,1
심각한 약물 과다복용으로 의식 불명,1
사고로 인한 척수 손상,1
심각한 구토와 출혈이 동시에 발생한 환자,1
급성 탈수로 의식이 저하된 환자,1
급성 아스트로시스로 인한 쇼크 상태,1
전자기기 사고로 심각한 전기 충격을 입은 환자,1
급성 진통제 과다복용으로 의식 저하,1
급성 뇌경색 상태,1
급성 뇌종양으로 인한 의식 불명,1
급성 기절 상태에서 의식 저하,1
심각한 심장질환으로 인한 급성 심정지,1
중증 뇌부종으로 인한 의식 저하,1
급성 경련 후 의식 불명,1
심한 천식 발작으로 호흡 곤란을 겪고 있는 환자,2
의식이 혼미해지고 발작이 발생한 환자,2
차에 치여 팔꿈치와 다리가 부러진 환자,2
복부에 심한 통증을 호소하는 환자,2
상처로 인한 심각한 감염 증세가 나타난 환자,2
독사에 물린 환자,2
심각한 손가락과 발가락 골절,2
현기증과 함께 구토를 겪고 있는 환자,2
심한 기침과 가슴 통증을 동반한 환자,2
신경손상으로 갑자기 팔이나 다리가 마비된 환자,2
급격한 체온 상승을 겪는 환자,2
중증 두부 외상으로 의식을 잃은 환자,2
깊은 화상에 의해 피부가 벗겨진 환자,2
목에 외상이 발생하여 호흡이 어려운 환자,2
입에 갑자기 생긴 부종으로 호흡이 어려운 환자,2
급격한 알레르기 반응으로 기도가 좁아진 환자,2
자살 시도로 약물을 과다 복용한 환자,2
외부의 강한 충격을 받은 후 현기증과 구토를 동반한 환자,2
화학 물질에 의해 눈이 심하게 자극받은 환자,2
심한 심장 통증을 호소하는 환자,2
차량 충돌로 인한 심각한 목 부상 환자,2
호흡기 질환으로 인한 청색증 환자,2
물에 빠져서 의식을 잃은 환자,2
고혈압으로 인한 심각한 두통 환자,2
큰 화학물질 유출로 인해 기침과 호흡곤란,2
통증과 부종을 동반한 손목 골절,2
전기 충격을 받은 후 의식이 없는 환자,2
급격한 체온 하강으로 인해 혼수 상태에 빠진 환자,2
급성 기도 폐쇄로 인해 호흡이 어려운 환자,2
다리 근육에 갑자기 심한 경련이 발생한 환자,2
체온이 급격히 상승하여 열로 인한 혼수 상태인 환자,2
다리 절단 사고로 심한 출혈을 겪는 환자,2
급성 구토 후 의식이 혼미해진 환자,2
차에 치여 심각한 부상과 출혈이 동반된 환자,2
상처로 인한 감염 증세가 나타난 환자,2
수면 중 호흡이 갑자기 중단된 환자,2
급격한 체온 저하로 인해 의식불명 상태,2
호흡이 급격히 어려워진 환자,2
대량의 피를 토하는 환자,2
경증의 호흡 곤란을 겪고 있는 환자,3
다리 염좌로 인한 통증과 부종이 있는 환자,3
경미한 복부 팽만감을 호소하는 환자,3
손목에 경미한 부상을 입은 환자,3
급성 설사 증세가 있는 환자,3
경미한 어지러움을 겪고 있는 환자,3
다리의 가벼운 부종을 호소하는 환자,3
경미한 심박수 변화를 겪고 있는 환자,3
가벼운 속쓰림을 겪고 있는 환자,3
가벼운 피부 발진을 호소하는 환자,3
경미한 배뇨 불편감을 겪고 있는 환자,3
경미한 탈모 증세를 보이는 환자,3
발에 작은 물집이 발생한 환자,3
가벼운 구강염 증세를 겪고 있는 환자,3
경미한 기침과 함께 인후염을 호소하는 환자,3
약간의 어지러움과 함께 미약한 구토 증세가 있는 환자,3
약간의 속쓰림을 호소하는 환자,3
경미한 입맛 변화가 있는 환자,3
약간의 다리 떨림을 겪고 있는 환자,3
경미한 복통을 겪고 있는 환자,4
피부가 건조하고 가벼운 가려움증을 호소하는 환자,4
경미한 감기 증세를 보이는 환자,4
팔꿈치에 작은 찰과상이 발생한 환자,4
가벼운 변비를 겪고 있는 환자,4
경미한 무릎 통증을 겪고 있는 환자,4
경미한 발진이 나타난 환자,5
급성 비염 증세를 보이는 환자,5
경미한 탈모가 발생한 환자,5
경미한 인후염으로 인해 불편함을 겪고 있는 환자,5
피부가 붉게 부어오르고 가려움을 동반한 상태,4
환자가 열감과 함께 피부 발진을 보여 국소 염증이 의심되는 상태,4
급성 두통과 함께 빛에 민감해하는 환자의 상태,4
호흡이 어려운 환자가 숨을 가쁘게 몰아쉬며 두통을 호소,4
손목 부위가 부어오르고 움직일 때 통증이 있는 상태,4
발목이 붓고 걸을 때 심한 통증을 호소하는 환자,4
가슴 부위에서 날카로운 통증을 느끼며 호흡이 어려운 환자,4
고열과 함께 땀이 과도하게 분비되는 환자의 상태,4
허리 통증이 지속되어 움직이기 어려운 환자,4
복부의 팽만감과 함께 구토 증세를 보이는 환자,4
피부에 뾰루지가 나타나고 가려움증을 동반하는 상태,4
피부 표면에 찰과상이 생기고 출혈이 약간 있는 상태,4
무릎 부위가 붓고 체중을 실었을 때 통증을 느끼는 환자,4
숨을 쉴 때마다 흉부에 통증을 느끼는 상태,4
고열과 함께 입술이 건조하고 갈증을 호소하는 환자,4
피부에 자극적인 발진이 생기고 통증이 동반된 상태,4
손가락이 부어오르고 움직일 때마다 통증이 증가하는 상태,4
목이 뻣뻣하게 굳고 두통을 호소하며 열이 나는 환자,4
기침과 함께 혈흔이 섞인 가래를 보이는 환자의 상태,4
복부가 단단하게 느껴지고 심한 통증을 호소하는 상태,4
팔꿈치가 부어오르고 눌렀을 때 통증이 느껴지는 상태,4
목이 부어오르고 삼킬 때 심한 통증을 느끼는 환자,4
급성으로 숨이 차며 앉아있기조차 어려운 환자의 상태,4
발등 부위가 부어오르고 체중을 실었을 때 아픔을 느끼는 상태,4
급성 코막힘과 함께 심한 두통을 동반하는 환자,4
피부에 물집이 생기고 진물이 흐르는 화상 상태,4
입 안 점막이 붓고 궤양이 생긴 환자의 상태,4
손목이 꺾이고 부어올라 움직이지 못하는 상태,4
피부에 심한 발적과 가려움이 동반된 상태,4
목이 부어서 숨을 삼킬 때마다 통증을 호소하는 환자,4
코가 막히고 두통을 동반한 상태에서 열감이 있는 환자,4
피부에 붉은 반점이 점점 퍼지며 가려움이 심해지는 상태,4
손가락 관절이 부어오르고 움직일 때마다 뻣뻣함을 느끼는 환자,4
복부 통증과 함께 설사 증상이 동반된 환자의 상태,4
손바닥이 화끈거리며 물집이 생긴 화상 상태,4
다리가 부어오르고 체중을 실을 때 아픔을 느끼는 환자,4
가슴 부위에서 누르는 듯한 통증을 호소하는 상태,4
발목을 삐었고 움직임이 제한되며 부기가 심해진 상태,4
팔꿈치가 긁히고 출혈이 있는 찰과상을 입은 환자,4
열감과 함께 손등이 붓고 통증을 느끼는 상태,4
기침이 지속되며 숨을 쉬기 힘든 환자의 상태,4
이마 부위가 찢어져 출혈이 있는 환자,4
피부 표면에 굳은살이 생기고 통증이 지속되는 상태,4
손가락 끝이 창백해지고 감각이 둔해진 환자,4
복부가 단단해지고 강한 통증을 느끼는 환자의 상태,4
숨이 가쁘고 가슴 부위에 타는 듯한 통증이 있는 상태,4
고열과 함께 손발이 차갑고 식은땀을 흘리는 환자,4
허리 부위가 삐끗하여 움직일 때마다 통증을 호소하는 상태,4
팔이 심하게 부어오르고 압통을 느끼는 환자,4
다리 근육이 경련을 일으키며 통증이 지속되는 환자,4
입술이 갈라지고 심한 갈증을 느끼는 상태,4
피부에 두드러기가 생기고 가려움이 점점 심해지는 환자,4
손바닥이 갈라지고 피가 배어 나오는 상태,4
코가 막히고 코피가 자주 나는 환자의 상태,4
목소리가 쉬고 삼킬 때마다 통증을 느끼는 환자,4
팔꿈치가 삐끗하여 움직이지 못하는 상태,4
복부가 팽만하고 체중이 감소한 상태를 보이는 환자,4
숨을 쉴 때마다 갈비뼈 부근에 통증이 느껴지는 상태,4
피부 표면에 염증이 생기고 부종이 점점 심해지는 환자,4
무릎이 붓고 걸을 때마다 통증을 느끼는 상태,4
고열과 함께 의식이 혼미해지는 환자의 상태,4
기침과 함께 목이 따끔거리고 통증이 느껴지는 환자,4
손목이 부어올라 물건을 잡기 어려운 상태,4
손끝이 저리고 움직일 때마다 감각이 둔한 상태,4
복부에 통증과 함께 구역질을 느끼는 환자의 상태,4
다리 근육이 당기며 움직일 때마다 통증을 느끼는 환자,4
피부가 창백해지고 감각이 둔한 상태를 보이는 환자,4
발바닥에 물집이 생기고 걸을 때마다 아픔을 느끼는 상태,4
눈이 충혈되고 빛에 민감한 환자의 상태,4
귀가 먹먹하며 통증을 동반한 상태,4
손등에 날카로운 물건에 찔린 상처가 있는 환자,4
입술이 붓고 주변에 발적이 생긴 환자의 상태,4
팔이 부어오르고 관절이 뻣뻣해지는 환자,4
허리 근육이 긴장하여 자세를 바로잡기 어려운 상태,4
복부에서 소리가 나며 설사를 동반한 환자,4
손톱 주변이 붓고 통증이 심해지는 상태,4
발목에 멍이 들고 걷기가 어려운 상태,4
목이 뻣뻣해지고 열이 나며 두통을 호소하는 환자,4
가슴 부위에서 쥐어짜는 듯한 통증을 느끼는 환자,4
환자가 손발이 차갑고 피부가 창백하며 동상이 의심되는 상태,5
동상으로 인해 손가락이 붓고 감각이 둔해진 상태,5
경미한 동상으로 피부가 약간 붉어지고 가벼운 통증이 있는 상태,5
코막힘과 기침이 지속되며 활력징후는 정상인 환자의 상태,5
알레르기로 인해 코가 막히고 눈물이 나는 상태,5
알레르기 반응으로 코가 막히며 숨쉬기가 약간 어려운 상태,5
곤충에 물린 후 국소적으로 붓고 약간의 가려움이 있는 상태,5
벌에 쏘인 부위가 붓고 가벼운 통증을 느끼는 상태,5
피부에 긁힌 자국이 있고 약간의 출혈이 있는 상태,5
경미한 찰과상으로 피부가 벗겨지고 가벼운 통증이 동반된 상태,5
열상 부위가 작고 지혈이 잘 되어 봉합이 필요 없는 상태,5
경미한 화상으로 피부가 붉어지고 약간 따가움을 호소하는 상태,5
피부에 작은 이물질이 박혀있으나 큰 통증은 없는 상태,5
상처 부위가 깨끗하고 감염 징후는 없는 상태,5
봉합사를 제거한 후 피부가 잘 아물고 약간의 통증이 있는 상태,5
발진이 국소적으로 나타나고 가벼운 가려움이 동반된 상태,5
유방 부위가 약간 붉어지고 경미한 통증이 있는 상태,5
국소적으로 부기가 있고 피부가 약간 붉어진 상태,5
피부에 작은 혹이 생기고 약간 뻐근한 느낌이 드는 상태,5
피부에 감염 가능성이 의심되나 열은 없는 상태,5
소양증으로 인해 피부를 긁어 붉어진 상태,5
코피가 자주 나지만 출혈량은 많지 않은 상태,5
코가 막히고 숨쉬기 약간 불편하지만 다른 증상은 없는 상태,5
상기도 감염 증상이 있으나 활력징후는 정상이어서 상태가 안정적임,5
코 부위가 가볍게 다쳤으며 약간의 통증이 있는 상태,5
요통이 지속되고 가벼운 뻐근함이 느껴지는 상태,5
팔에 지속적인 가벼운 통증이 있어 움직임이 제한되는 상태,5
다리가 붓고 움직일 때 경미한 통증이 동반되는 상태,5
팔 부위가 가볍게 삐어 움직일 때 약간의 통증이 있는 상태,5
다리가 약간 삐끗해 걸을 때 가벼운 불편함을 호소하는 상태,5
관절이 붓고 경미한 통증이 있어 자세를 취할 때 불편한 상태,5
석고붕대가 꽉 끼어 가벼운 통증을 유발하지만 큰 이상은 없는 상태,5
만성적인 불면증으로 수면 시간이 줄어든 상태,5
사회적인 스트레스로 인해 경미한 불안감을 느끼는 상태,5
비특이적인 증상을 호소하며 상태는 전반적으로 안정적인 상태,5
드레싱을 교체한 후 통증이 약간 남아 있는 상태,5
반지를 제거하는 과정에서 약간의 통증을 느낀 상태,5
검사 결과 수치가 정상 범위에서 벗어났지만 즉각적인 위험은 없는 상태,5
경미한 치아 통증으로 인해 불편함을 호소하는 상태,5
안면 부위에 작은 찰과상이 생겼으나 통증은 경미한 상태,5
목이 약간 붓고 삼킬 때 경미한 통증을 느끼는 상태,5
인후통이 오래 지속되어 가벼운 불편함을 호소하는 상태,5
복부에 경미한 통증이 지속되며 활동에는 큰 제한이 없는 상태,5
변비로 인해 복부에 가벼운 불편함을 느끼는 상태,5
직장에 작은 이물질이 있어 약간의 불편함을 호소하는 상태,5
샅부위가 약간 붓고 통증이 지속되는 상태,5
소화불량으로 인해 복부가 더부룩하고 경미한 통증을 느끼는 상태,5
복부가 약간 팽만해지고 체중이 줄어든 상태,5
딸꾹질이 멈추지 않아 약간의 불편함을 호소하는 상태,5
질 분비물이 늘어나고 약간의 가려움이 동반된 상태,5
질 부위가 약간 붓고 통증이 있는 상태,5
음순 부위가 약간 붓고 가려움이 동반된 상태,5
옆구리가 약간 당기고 만성적인 불편함이 지속되는 상태,5
소변 배출이 약간 어려워지고 통증이 동반되는 상태,5
고환 부위가 붓고 약간의 뻐근함을 느끼는 상태,5
생식기 피부에 경미한 병변이 나타난 상태,5
귀 부위에 경미한 통증과 약간의 열감을 느끼는 상태,5
이물질이 귀에 들어가 약간의 불편함을 느끼는 상태,5
눈이 충혈되고 가벼운 분비물이 나타나는 상태,5
눈 주변이 약간 붓고 경미한 통증이 있는 상태,5
가슴 부위에서 가벼운 통증이 느껴지지만 심장 문제는 아닌 상태,5
다리가 붓고 체중을 실을 때 약간의 불편함을 느끼는 상태,5
두통이 지속되며 약간의 어지럼증이 동반된 상태,5
뒷목이 뻣뻣해지고 경미한 통증을 느끼는 상태,5
호흡이 약간 불편하지만 숨이 찰 정도는 아닌 상태,5
몸에 발열감이 있으나 활력징후는 안정적인 상태,5
심장이 약간 빨리 뛰고 가슴이 답답한 느낌이 드는 상태,5
팔꿈치가 약간 붓고 움직일 때 통증이 동반되는 상태,5
손목 부위에 작은 타박상이 생겨 통증이 경미한 상태,5
손가락이 약간 부어오르고 움직임에 불편함을 느끼는 상태,5
허리 부위에 약간의 통증이 있어 움직임이 제한된 상태,5
발목이 약간 삐어 걸을 때 불편함이 동반된 상태,5
어깨가 결리고 약간의 통증을 느끼는 상태,5
가슴 부위에서 쥐어짜는 듯한 느낌이 약하게 나타나는 상태,5
목이 약간 쉬고 경미한 불편함을 느끼는 상태,5
복부에 가스가 차고 약간의 통증을 느끼는 상태,5
다리 근육이 약간 당기며 피로감을 동반하는 상태,5
입술이 갈라지고 약간의 건조함을 호소하는 상태,5
피부에 작은 발진이 나타나고 가려움이 약간 동반된 상태,5
호흡할 때 약간의 쌕쌕거리는 소리가 나는 상태,5
눈이 건조하고 약간의 따끔거림이 느껴지는 상태,5
코가 막히고 숨쉬기에 약간 불편함을 느끼는 상태,5
이마 부위가 가볍게 찢어지고 약간의 출혈이 있는 상태,5
발이 약간 부어오르고 걸을 때 통증이 동반되는 상태,5
손가락 끝이 저리고 약간의 감각 이상이 있는 상태,5
피부가 붉게 변하고 약간의 열감을 느끼는 상태,5
가슴이 약간 답답하고 숨이 약간 가쁜 상태,5
피부에 국소적으로 발진이 나타나 약간 가려운 상태,5
허리 근육이 뭉치고 약간의 통증을 느끼는 상태,5
